T(K),log10(rho),log10(con),Z,Znuc
6000,0.0938278,5.66955,1.72306,13
10000,-0.130498,5.09673,1.38434,13
10000,-0.302135,4.66938,1.16365,13
8000,-0.565,4.02305,0.881093,13
6000,-0.764547,3.35545,0.703443,13
4000,0.17492,5.76399,1.87024,13
6000,0.00728678,5.42143,1.56567,13
8000,-0.318813,4.73223,1.1178,13
8000,-0.477269,4.36389,0.955258,13
6000,0.120212,5.69874,1.77374,13
10000,-0.0685421,5.33799,1.47672,13
12000,-0.235854,5.00803,1.26692,13
16000,-0.418984,4.66785,1.13125,13
18000,-0.581483,4.45731,1.04676,13
20000,-0.736695,4.33068,1.00939,13
22000,-0.889916,4.25722,1.00658,13
22000,-1.04043,4.2385,0.986471,13
22000,-1.19328,4.20238,0.981628,13
22000,-1.344,4.2158,0.988629,13
24000,-1.49444,4.24438,1.05722,13
26000,-1.64455,4.29859,1.13596,13
4000,0.19223,5.87909,1.90629,13
8000,-0.0307006,5.41082,1.51871,13
12000,-0.215098,5.00934,1.2926,13
14000,-0.387492,4.67303,1.13027,13
16000,-0.564825,4.39431,1.02279,13
16000,-0.715254,4.23676,0.941139,13
16000,-0.867196,4.11109,0.884984,13
16000,-1.02018,4.04462,0.850256,13
16000,-1.1725,3.97377,0.832909,13
16000,-1.32367,3.99765,0.828857,13
18000,-1.50432,4.07828,0.895117,13
18000,-1.65541,4.13539,0.912803,13
18000,-1.81192,4.21643,0.936696,13
6000,0.105047,5.6509,1.74445,13
8000,-0.0587073,5.32344,1.47337,13
12000,-0.223829,4.98953,1.2817,13
14000,-0.43659,4.58194,1.08628,13
14000,-0.597154,4.34151,0.967299,13
14000,-0.943438,4.00971,0.818775,13
14000,-1.09642,3.93566,0.788905,13
14000,-1.24665,3.90042,0.774841,13
14000,-1.3974,3.91089,0.772467,13
16000,-1.54775,3.96755,0.840512,13
18000,-1.69832,3.93757,0.918852,13
18000,-1.84863,3.94758,0.942971,13
4000,0.19619,5.87484,1.91461,13
8000,-0.00688134,5.4454,1.55839,13
12000,-0.185606,5.07465,1.33037,13
14000,-0.337034,4.76142,1.17946,13
16000,-0.496454,4.4899,1.06978,13
18000,-0.657124,4.27126,1.00614,13
18000,-0.809865,4.14925,0.944768,13
18000,-0.963092,4.05158,0.906654,13
18000,-1.11509,3.99537,0.88731,13
18000,-1.26568,3.9489,0.882238,13
20000,-1.41737,4.02366,0.942506,13
22000,-1.56783,4.02776,1.01473,13
24000,-1.71828,4.05392,1.09635,13
24000,-1.8687,4.02572,1.12844,13
6000,0.116202,5.71643,1.76596,13
10000,-0.0988251,5.27409,1.4307,13
12000,-0.255832,4.93523,1.24292,13
14000,-0.412435,4.65871,1.10745,13
16000,-0.567736,4.43602,1.02093,13
18000,-0.726096,4.27351,0.975212,13
18000,-0.877915,4.17359,0.925239,13
18000,-1.02854,4.08768,0.896327,13
18000,-1.17973,4.07041,0.883624,13
18000,-1.33189,4.06405,0.883573,13
20000,-1.48346,4.13982,0.948978,13
22000,-1.6347,4.18316,1.0253,13
22000,-1.78542,4.10479,1.05272,13
4000,0.188824,5.80667,1.89915,13
6000,0.0365091,5.53572,1.6173,13
10000,-0.205359,5.05855,1.28185,13
12000,-0.356084,4.74579,1.13258,13
12000,-0.509171,4.40921,0.994865,13
12000,-0.7648,3.93298,0.837186,13
12000,-0.915209,3.62397,0.77929,13
10000,-1.11856,3.37033,0.677027,13
10000,-1.26994,3.34635,0.655915,13
10000,-1.56225,3.4143,0.647014,13
12000,-1.76321,3.71341,0.730668,13
4000,0.191429,5.84624,1.90461,13
8000,-0.0568271,5.33219,1.47637,13
10000,-0.22075,4.98566,1.26198,13
12000,-0.377392,4.67222,1.11125,13
12000,-0.780389,3.97304,0.83011,13
12000,-0.932371,3.69975,0.77406,13
10000,-1.16399,3.5193,0.669221,13
10000,-1.31515,3.41581,0.652106,13
10000,-1.46585,3.54283,0.646196,13
12000,-1.69529,3.736,0.724381,13
12000,-1.84558,3.96703,0.739564,13
4000,0.174752,5.82989,1.86989,13
6000,0.00789707,5.48233,1.56673,13
8000,-0.149041,5.11921,1.33667,13
10000,-0.312471,4.73501,1.15195,13
10000,-0.462622,4.38596,1.0011,13
10000,-0.624245,4.11341,0.875709,13
10000,-0.777648,3.79358,0.787679,13
10000,-1.31435,3.60271,0.652165,13
12000,-1.46521,3.77422,0.712009,13
16000,-1.6169,4.0271,0.847341,13
20000,-1.76828,4.20008,0.990455,13
24000,-1.91865,4.27492,1.13991,13
26000,-2.06905,4.36672,1.23666,13
6000,0.0542951,5.55785,1.64948,13
8000,-0.127768,5.1653,1.36756,13
10000,-0.294975,4.78422,1.17185,13
10000,-0.449735,4.45868,1.01269,13
10000,-0.59998,4.16548,0.892275,13
10000,-0.762029,3.88868,0.795396,13
10000,-1.31957,3.5523,0.651789,13
12000,-1.47057,3.78633,0.712109,13
16000,-1.62106,4.03391,0.847792,13
20000,-1.77134,4.21245,0.990999,13
24000,-1.92154,4.29546,1.14059,13
24000,-2.0716,4.40298,1.17716,13
6000,0.0787214,5.57704,1.69461,13
8000,-0.0734878,5.23738,1.45001,13
10000,-0.236797,4.88338,1.24171,13
12000,-1.21007,3.86906,0.721155,13
14000,-1.36181,4.0639,0.772126,13
18000,-1.51385,4.15851,0.896047,13
22000,-1.66394,4.31029,1.03025,13
24000,-1.81446,4.42366,1.11642,13
26000,-1.96497,4.50169,1.20948,13
26000,-2.1152,4.54919,1.24913,13
6000,0.0595293,5.54899,1.65906,13
8000,-0.0910273,5.22786,1.42279,13
10000,-0.250921,4.86928,1.22423,13
10000,-0.796478,3.92911,0.778727,13
10000,-0.948925,3.7759,0.719382,13
10000,-1.09991,3.72973,0.680631,13
12000,-1.29835,3.81305,0.714568,13
14000,-1.45075,3.97887,0.773899,13
20000,-1.60154,4.14016,0.963786,13
24000,-1.75227,4.29783,1.10325,13
26000,-1.9024,4.36892,1.19382,13
26000,-2.05306,4.4143,1.2324,13
26000,-2.20343,4.61085,1.27362,13
6000,0.0787576,5.60847,1.69467,13
8000,-0.0808016,5.27809,1.43859,13
10000,-0.252045,4.91816,1.22285,13
12000,-0.41248,4.61349,1.07768,13
12000,-0.572141,4.3668,0.948181,13
12000,-0.737003,4.15381,0.850466,13
12000,-0.890152,4.02164,0.787403,13
12000,-1.04571,3.993,0.745727,13
14000,-1.21968,4.00527,0.776415,13
16000,-1.37253,4.07335,0.829816,13
20000,-1.52273,4.19407,0.953471,13
24000,-1.67407,4.26522,1.08772,13
28000,-1.8242,4.32395,1.23019,13
30000,-1.97469,4.27293,1.32523,13
32000,-2.12552,4.33397,1.42629,13
30000,-2.27572,4.21256,1.41601,13
28000,-2.42597,4.18224,1.4025,13
24000,-2.57675,4.02317,1.31766,13
4000,0.18122,5.74069,1.8833,13
6000,-0.0413071,5.33465,1.48319,13
8000,-0.346103,4.75271,1.08705,13
10000,-0.636144,4.12927,0.867862,13
10000,-0.788372,3.86658,0.782534,13
10000,-0.941043,3.59846,0.721916,13
10000,-1.37675,3.28914,0.648508,13
12000,-1.5696,3.54095,0.715704,13
14000,-1.71965,3.75641,0.794706,13
18000,-1.8716,3.88485,0.947011,13
20000,-2.02228,3.93131,1.04068,13
20000,-2.17263,3.92967,1.07448,13
20000,-2.32331,3.87685,1.11073,13
18000,-2.47366,3.77866,1.07621,13
4000,0.180025,5.77676,1.88081,13
6000,-0.0331358,5.36722,1.49677,13
8000,-0.305088,4.70747,1.13372,13
10000,-0.576885,4.14591,0.908758,13
10000,-0.735702,3.90504,0.809018,13
10000,-1.32431,3.48387,0.651459,13
12000,-1.50752,3.7478,0.713076,13
14000,-1.65817,3.92978,0.78825,13
16000,-1.80939,4.09615,0.872312,13
18000,-1.96019,4.22724,0.963357,13
4000,0.185995,5.77951,1.89324,13
6000,0.0357058,5.47949,1.61586,13
8000,-0.12661,5.13728,1.36927,13
10000,-0.295275,4.76272,1.17151,13
10000,-0.450862,4.41534,1.01167,13
10000,-0.601973,4.0983,0.890886,13
10000,-0.752395,3.7965,0.800291,13
10000,-0.906789,3.5791,0.733572,13
10000,-1.39556,3.33264,0.647749,13
12000,-1.54653,3.67431,0.714587,13
18000,-1.6968,3.96341,0.918632,13
22000,-1.8471,4.11638,1.06517,13
26000,-1.99827,4.16256,1.21802,13
28000,-2.14935,4.13956,1.31829,13
26000,-2.30016,4.0821,1.30138,13
24000,-2.451,4.01305,1.28058,13
20000,-2.60206,3.97681,1.18296,13
4000,0.177487,5.77733,1.87555,13
6000,0.0160006,5.41785,1.5809,13
8000,-0.149476,5.07542,1.33604,13
10000,-0.318198,4.6978,1.14554,13
10000,-0.470839,4.3846,0.993839,13
10000,-0.634026,4.08185,0.869246,13
10000,-0.788452,3.81498,0.782496,13
10000,-0.939604,3.58013,0.722384,13
10000,-1.29132,3.43712,0.653984,13
12000,-1.44382,3.66361,0.71171,13
16000,-1.59448,3.88559,0.844986,13
20000,-1.74497,4.07015,0.986381,13
24000,-1.89551,4.13146,1.13455,13
26000,-2.04576,4.14631,1.23046,13
28000,-2.19586,4.12532,1.33193,13
26000,-2.34679,4.0479,1.31507,13
22000,-2.49757,3.95598,1.22576,13
4000,0.190113,5.78963,1.90185,13
6000,0.0375141,5.46723,1.6191,13
8000,-0.125907,5.12142,1.3703,13
10000,-0.318777,4.68041,1.1449,13
10000,-0.471263,4.33624,0.993467,13
10000,-0.634175,3.97763,0.869148,13
10000,-0.787866,3.69836,0.782774,13
8000,-1.0171,3.31471,0.645043,13
8000,-1.17108,3.10755,0.607779,13
8000,-1.32203,3.13162,0.586096,13
10000,-1.47392,3.40739,0.64614,13
14000,-1.62397,3.7432,0.785049,13
20000,-1.77443,3.98507,0.991549,13
24000,-1.92482,4.12205,1.14135,13
26000,-2.07572,4.11879,1.23845,13
28000,-2.22621,4.08106,1.34095,13
26000,-2.37675,4.06269,1.32397,13
22000,-2.52724,3.94665,1.23405,13
6000,0.0451939,5.49816,1.63294,13
8000,-0.115879,5.12938,1.38517,13
10000,-0.308821,4.69565,1.15606,13
10000,-0.462105,4.36517,1.00156,13
10000,-0.625783,4.05934,0.874684,13
10000,-0.780127,3.81644,0.786478,13
8000,-1.08108,3.4216,0.627465,13
10000,-1.32431,3.53542,0.651459,13
12000,-1.47534,3.75618,0.712208,13
16000,-1.62709,3.99747,0.848453,13
22000,-1.7778,4.14625,1.05123,13
24000,-1.92849,4.19265,1.14221,13
26000,-2.07936,4.20656,1.23942,13
26000,-2.22988,4.16797,1.28112,13
24000,-2.38091,4.16997,1.26047,13
20000,-2.53165,4.01055,1.16415,13
6000,0.0485467,5.50624,1.63902,13
8000,-0.13327,5.15541,1.3595,13
10000,-0.321709,4.73763,1.14164,13
10000,-0.472538,4.40971,0.99235,13
10000,-0.635468,4.06804,0.868303,13
10000,-0.790351,3.77517,0.781598,13
10000,-0.941688,3.46255,0.721706,13
10000,-1.38258,3.33746,0.648256,13
12000,-1.53387,3.61982,0.714044,13
18000,-1.68403,3.89504,0.916792,13
24000,-1.83416,4.03965,1.12073,13
26000,-1.98464,4.08654,1.21451,13
28000,-2.1349,4.12379,1.3141,13
28000,-2.28567,4.06963,1.35889,13
26000,-2.43652,4.00355,1.34196,13
22000,-2.5867,3.95139,1.25086,13
6000,0.0473995,5.4659,1.63693,13
8000,-0.126871,5.05069,1.36888,13
10000,-0.282005,4.764,1.18694,13
10000,-0.445899,4.45494,1.01619,13
10000,-0.602164,4.18515,0.890753,13
10000,-0.755847,3.95173,0.798526,13
10000,-0.913355,3.78161,0.731255,13
10000,-1.06354,3.68583,0.688364,13
10000,-1.2171,3.68404,0.661741,13
12000,-1.36724,3.83136,0.712087,13
16000,-1.51884,4.03539,0.838055,13
20000,-1.66938,4.15664,0.973911,13
24000,-1.81987,4.24733,1.1176,13
26000,-1.97102,4.28921,1.21102,13
28000,-2.12148,4.23922,1.31023,13
26000,-2.27165,4.16215,1.2931,13
24000,-2.42251,4.0484,1.27235,13
20000,-2.57349,3.89669,1.17528,13
6000,0.0646377,5.5229,1.66845,13
8000,-0.105861,5.18553,1.40021,13
10000,-0.259606,4.84864,1.21365,13
10000,-0.689094,4.02543,0.835084,13
10000,-0.847773,3.79239,0.756225,13
10000,-1.0024,3.63448,0.703594,13
10000,-1.15496,3.56597,0.670666,13
12000,-1.36876,3.68726,0.712056,13
16000,-1.52666,3.89204,0.838695,13
20000,-1.67716,4.06532,0.975139,13
24000,-1.82857,4.15755,1.1195,13
28000,-1.97881,4.18724,1.27036,13
28000,-2.12901,4.18033,1.3124,13
28000,-2.27901,4.15381,1.35686,13
24000,-2.42946,4.07954,1.27435,13
22000,-2.58004,3.99848,1.24896,13
6000,0.0697014,5.53675,1.67782,13
8000,-0.103606,5.17922,1.40361,13
10000,-0.261457,4.83152,1.21141,13
10000,-0.77124,3.93922,0.790813,13
10000,-0.930258,3.70096,0.725471,13
10000,-1.08624,3.6248,0.683426,13
10000,-1.23695,3.63053,0.659371,13
12000,-1.38743,3.76178,0.711758,13
16000,-1.5394,3.95583,0.839777,13
22000,-1.69122,4.05408,1.03504,13
26000,-1.84224,4.21487,1.1793,13
28000,-1.99311,4.28874,1.27424,13
28000,-2.14327,4.29719,1.31653,13
6000,0.0761414,5.53512,1.68979,13
8000,-0.0986507,5.12756,1.41114,13
10000,-0.258494,4.84174,1.21499,13
10000,-0.767868,4.01891,0.79248,13
10000,-0.918365,3.84504,0.729514,13
10000,-1.0733,3.75944,0.686195,13
12000,-1.27835,3.83759,0.715706,13
14000,-1.43086,3.99743,0.773242,13
18000,-1.5817,4.11049,0.903421,13
24000,-1.73236,4.20585,1.09918,13
26000,-1.8824,4.22546,1.18893,13
28000,-2.03292,4.24418,1.28519,13
28000,-2.1831,4.16785,1.32817,13
26000,-2.33348,4.14774,1.31114,13
24000,-2.48413,3.94488,1.29022,13
20000,-2.63451,3.85878,1.19176,13
6000,0.0566191,5.50112,1.65373,13
8000,-0.114741,5.15992,1.38687,13
10000,-0.267373,4.82711,1.20429,13
10000,-0.659675,4.07188,0.852869,13
10000,-0.813241,3.82956,0.771074,13
10000,-0.970413,3.65331,0.712747,13
10000,-1.12257,3.51786,0.676283,13
10000,-1.27409,3.52323,0.655522,13
12000,-1.42632,3.74288,0.711592,13
16000,-1.57757,3.99642,0.843298,13
20000,-1.72769,4.18373,0.983428,13
24000,-1.87844,4.25825,1.13065,13
26000,-2.02872,4.20935,1.22597,13
28000,-2.17914,4.15467,1.327,13
26000,-2.32975,4.08182,1.31004,13
24000,-2.48017,4.01233,1.28907,13
20000,-2.63078,3.86332,1.19075,13
6000,0.625887,5.72184,3.10517,26
8000,0.467205,5.59206,2.58641,26
10000,0.31039,5.39354,2.16877,26
12000,0.0638923,4.87754,1.67195,26
14000,-0.170053,4.39825,1.3719,26
14000,-0.326583,4.22329,1.21856,26
14000,-0.476865,4.07155,1.11338,26
14000,-0.636708,3.98168,1.03835,26
16000,-0.878309,3.95134,1.04562,26
16000,-1.03217,3.99229,1.03826,26
18000,-1.18243,4.04403,1.11578,26
20000,-1.33301,4.10667,1.20758,26
22000,-1.4832,4.19371,1.3105,26
26000,-1.63376,4.27807,1.49351,26
28000,-1.78383,4.3108,1.61394,26
28000,-1.93442,4.31033,1.6693,26
28000,-2.0846,4.2897,1.72769,26
24000,-2.23508,4.27012,1.62748,26
20000,-2.3851,4.1564,1.50729,26
6000,0.631939,5.72723,3.12746,26
8000,0.480585,5.59605,2.6279,26
10000,0.296898,5.37309,2.13506,26
12000,-0.00240831,4.71011,1.56162,26
14000,-0.31248,4.14897,1.23042,26
14000,-0.469993,3.95318,1.1174,26
14000,-0.623405,3.85327,1.04334,26
14000,-0.774406,3.77909,0.99815,26
14000,-0.929187,3.76886,0.974088,26
14000,-1.08255,3.80611,0.96727,26
16000,-1.23456,3.89304,1.04901,26
18000,-1.38616,3.98918,1.14435,26
22000,-1.53655,4.1036,1.32375,26
26000,-1.68698,4.21972,1.51039,26
28000,-1.83744,4.24383,1.63325,26
28000,-1.98801,4.24165,1.68979,26
26000,-2.13847,4.25161,1.6715,26
22000,-2.28904,4.17272,1.56243,26
20000,-2.44009,3.93762,1.52695,26
4000,0.729985,5.80651,3.49534,26
8000,0.483082,5.61094,2.63571,26
10000,0.289464,5.36471,2.11673,26
12000,-0.0584538,4.60149,1.47714,26
12000,-0.209968,4.2828,1.28575,26
12000,-0.656848,3.7102,0.970616,26
12000,-0.809752,3.61321,0.924655,26
14000,-1.07309,3.66361,0.967283,26
16000,-1.25964,3.78725,1.05161,26
18000,-1.41139,3.92598,1.14885,26
22000,-1.56177,4.1213,1.33025,26
24000,-1.71265,4.21635,1.44639,26
26000,-1.8636,4.2448,1.5699,26
26000,-2.01368,4.23442,1.62414,26
24000,-2.16431,4.2502,1.60091,26
22000,-2.31515,4.10449,1.57201,26
18000,-2.46597,3.86917,1.44018,26
4000,0.733035,5.80649,3.50781,26
8000,0.467687,5.576,2.58789,26
10000,0.242104,5.29873,2.00407,26
10000,0.0797166,4.96921,1.6688,26
12000,-0.170786,4.35576,1.33035,26
12000,-0.330014,4.02898,1.16838,26
12000,-0.481157,3.77517,1.0573,26
12000,-0.636294,3.60228,0.97872,26
12000,-1.01278,3.40483,0.895526,26
12000,-1.16374,3.55919,0.891423,26
14000,-1.31596,3.74414,0.98035,26
18000,-1.46635,3.98462,1.15924,26
22000,-1.61708,4.15097,1.34496,26
24000,-1.76777,4.23012,1.46365,26
26000,-1.91793,4.25892,1.58918,26
24000,-2.06803,4.26607,1.56569,26
22000,-2.21824,4.2222,1.53681,26
18000,-2.36856,4.04206,1.40745,26
4000,0.727402,5.79126,3.48482,26
6000,0.56916,5.6532,2.90272,26
8000,0.413625,5.52093,2.42649,26
10000,0.15842,5.15965,1.82174,26
10000,0.00293027,4.83516,1.53581,26
10000,-0.605076,3.48686,0.931138,26
4000,0.721206,5.77684,3.45966,26
6000,0.570207,5.6553,2.90635,26
8000,0.412989,5.5241,2.42465,26
10000,0.0706658,5.02247,1.65231,26
10000,-0.0795636,4.62008,1.40964,26
10000,-0.23004,4.19318,1.21995,26
10000,-0.38967,3.85052,1.06867,26
4000,0.736889,5.7957,3.52361,26
6000,0.582425,5.639,2.94901,26
8000,0.431681,5.51803,2.47928,26
8000,-0.688331,2.87274,0.827229,26
4000,0.735028,5.77893,3.51597,26
6000,0.580776,5.62218,2.94322,26
8000,0.402053,5.46653,2.39324,26
8000,0.245031,5.31124,1.98538,26
8000,-0.297363,3.87023,1.1018,26
8000,-0.448611,3.6218,0.968174,26
4000,0.721571,5.76417,3.46114,26
8000,0.426438,5.54849,2.46384,26
10000,0.167778,5.17788,1.8411,26
10000,0.00742767,4.75451,1.54318,26
10000,-0.144984,4.3273,1.32106,26
6000,0.617527,5.7448,3.07459,26
8000,0.462283,5.62905,2.57131,26
10000,0.307699,5.37073,2.162,26
12000,0.15506,4.93004,1.84324,26
12000,-0.305526,4.01267,1.19008,26
12000,-0.464465,3.95966,1.06776,26
12000,-0.618217,3.75853,0.986264,26
12000,-0.77142,3.6981,0.933971,26
14000,-0.961499,3.92881,0.971398,26
18000,-1.11999,4.20534,1.1103,26
22000,-1.27051,4.48511,1.26522,26
30000,-1.42228,4.64865,1.56097,26
38000,-1.57349,4.73017,1.85882,26
6000,0.618767,5.75351,3.07911,26
8000,0.452614,5.6063,2.54188,26
10000,0.300437,5.3119,2.14384,26
12000,0.141218,4.87041,1.81571,26
12000,-0.297061,3.91724,1.19784,26
12000,-0.448538,3.9344,1.07814,26
12000,-0.603888,3.7876,0.992528,26
12000,-0.756218,3.65935,0.938053,26
14000,-0.973998,3.86876,0.970549,26
16000,-1.12442,4.06145,1.04071,26
22000,-1.27654,4.32521,1.26631,26
28000,-1.42666,4.45445,1.49869,26
36000,-1.57889,4.55884,1.80038,26
42000,-1.72979,4.57381,2.0456,26
6000,0.622063,5.77786,3.09115,26
10000,0.373822,5.48367,2.33519,26
12000,0.212049,5.135,1.96251,26
14000,0.0578524,4.78391,1.69306,26
16000,-0.0997203,4.52822,1.49483,26
16000,-0.263508,4.4063,1.31808,26
16000,-0.418858,4.22183,1.19923,26
16000,-0.574841,4.16435,1.11889,26
16000,-0.734805,4.20211,1.06881,26
18000,-0.890455,4.23608,1.1081,26
20000,-1.04489,4.28934,1.17163,26
24000,-1.19915,4.40971,1.31795,26
30000,-1.35301,4.50232,1.54087,26
36000,-1.50446,4.58425,1.77241,26
4000,0.73416,5.76684,3.51241,26
6000,0.581086,5.63253,2.94431,26
8000,0.428893,5.50776,2.47106,26
10000,-1.37789,3.55895,0.815017,26
12000,-1.52871,3.90918,0.921721,26
16000,-1.67902,4.04088,1.12344,26
18000,-1.84224,4.15948,1.24813,26
4000,0.733636,5.77938,3.51027,26
6000,0.57828,5.63677,2.93448,26
8000,0.42526,5.51335,2.46038,26
10000,-0.000538866,4.81105,1.53017,26
10000,-0.156624,4.37862,1.30631,26
10000,-0.308194,4.08009,1.13998,26
10000,-0.466139,3.8408,1.01193,26
10000,-0.619355,3.63337,0.924302,26
10000,-0.773014,3.40586,0.865686,26
10000,-0.927272,3.18611,0.830179,26
10000,-1.07873,3.1116,0.812955,26
12000,-1.32048,3.47727,0.898732,26
14000,-1.4707,3.80536,1.00019,26
16000,-1.62142,4.00783,1.11105,26
18000,-1.77186,4.053,1.22952,26
20000,-1.92227,4.12616,1.35466,26
20000,-2.07263,4.13114,1.40154,26
18000,-2.2233,4.03427,1.36037,26
4000,0.733427,5.79564,3.50941,26
8000,0.467941,5.56491,2.58868,26
10000,0.174606,5.1819,1.85539,26
10000,0.0221396,4.84018,1.56763,26
12000,-0.332696,4.12359,1.16607,26
12000,-0.484471,3.9343,1.05527,26
12000,-0.642389,3.74586,0.976265,26
12000,-0.794336,3.63699,0.928237,26
12000,-0.945349,3.55315,0.901796,26
14000,-1.23381,3.68422,0.973091,26
16000,-1.40351,3.86853,1.07082,26
18000,-1.55486,4.02065,1.17759,26
20000,-1.70531,4.10302,1.29264,26
22000,-1.85543,4.17281,1.4148,26
22000,-2.00568,4.1817,1.46331,26
20000,-2.15614,4.15978,1.42876,26
18000,-2.30627,4.06722,1.38701,26
4000,0.725997,5.77359,3.4791,26
8000,0.479237,5.57371,2.62369,26
10000,0.225893,5.25194,1.96711,26
10000,0.0697088,4.94142,1.65058,26
12000,-0.233996,4.24706,1.25998,26
12000,-0.393769,4.04265,1.11691,26
14000,-1.03915,3.65667,0.967741,26
14000,-1.18977,3.68984,0.970308,26
16000,-1.33989,3.78753,1.06148,26
18000,-1.49066,3.93222,1.16409,26
20000,-1.64073,4.07129,1.27569,26
22000,-1.79129,4.09135,1.39508,26
24000,-1.94157,4.11783,1.52119,26
22000,-2.09205,4.18113,1.49253,26
20000,-2.2426,4.12005,1.45777,26
18000,-2.39362,3.92028,1.41578,26
4000,0.72899,5.78231,3.49128,26
6000,0.575811,5.65397,2.92585,26
8000,0.4233,5.52076,2.45464,26
10000,0.229131,5.25652,1.97443,26
10000,0.0704406,4.93311,1.6519,26
12000,-0.148625,4.43043,1.35704,26
12000,-0.310034,4.1738,1.186,26
14000,-0.467985,4.01397,1.11859,26
14000,-0.624629,3.88581,1.04287,26
14000,-0.779264,3.82988,0.997083,26
14000,-0.93048,3.78512,0.973967,26
16000,-1.16096,3.84485,1.04286,26
16000,-1.3114,3.91243,1.05771,26
18000,-1.46281,4.01322,1.15855,26
20000,-1.61422,4.10582,1.26896,26
22000,-1.76472,4.16542,1.38709,26
24000,-1.91507,4.17272,1.51213,26
24000,-2.0655,4.22986,1.56478,26
22000,-2.2161,4.20192,1.53604,26
18000,-2.36653,3.98838,1.40678,26
4000,0.638678,5.58234,3.10885,28
6000,0.515918,5.51427,2.70207,28
8000,0.151143,5.15743,1.76898,28
10000,-0.183143,4.52532,1.26494,28
12000,-0.352402,4.24147,1.1378,28
14000,-0.523705,4.05123,1.07264,28
14000,-0.678816,3.93008,1.00714,28
16000,-0.981674,3.78455,1.01718,28
16000,-1.13295,3.80909,1.01795,28
18000,-1.28458,3.88857,1.10173,28
20000,-1.42481,3.99326,1.19564,28
22000,-1.55502,4.05373,1.29566,28
24000,-1.69897,4.08149,1.40609,28
24000,-1.84924,4.10758,1.45243,28
24000,-2.12494,4.07386,1.54583,28
22000,-2.27409,4.0774,1.51695,28
20000,-2.35853,4.03471,1.45926,28
18000,-2.44249,3.98173,1.39516,28
16000,-2.53462,3.91004,1.32646,28
4000,0.644448,5.59685,3.13001,28
6000,0.533004,5.53523,2.75746,28
8000,0.149625,5.1912,1.76587,28
10000,-0.183494,4.67252,1.26452,28
12000,-0.345621,4.32523,1.14348,28
14000,-0.465263,4.16788,1.10561,28
16000,-0.622348,3.97777,1.08288,28
18000,-1.21162,3.75815,1.09306,28
20000,-1.37779,3.82289,1.18665,28
22000,-1.50794,3.85382,1.28418,28
24000,-1.62489,3.89348,1.38467,28
26000,-1.7734,3.91036,1.50018,28
28000,-1.92518,3.91887,1.62365,28
28000,-2.0752,3.96052,1.68007,28
26000,-2.22768,4.03028,1.66278,28
24000,-2.31605,4.05941,1.61591,28
22000,-2.38405,4.04622,1.55642,28
20000,-2.44129,3.99856,1.48788,28
18000,-2.50864,3.91766,1.41709,28
4000,0.630038,5.58809,3.0774,28
6000,0.506332,5.49642,2.67143,28
8000,0.0179761,4.93334,1.519,28
10000,-0.283805,4.35361,1.15438,28
12000,-0.47277,4.05949,1.04977,28
14000,-0.870052,3.67815,0.962275,28
14000,-1.02365,3.53199,0.948007,28
16000,-1.30839,3.57623,1.03258,28
18000,-1.47782,3.68592,1.13326,28
20000,-1.60748,3.77474,1.23586,28
22000,-1.72377,3.81271,1.34056,28
24000,-1.85511,3.91025,1.45432,28
24000,-2.00524,3.94325,1.50408,28
24000,-2.15552,3.9914,1.55678,28
22000,-2.27409,4.00745,1.51695,28
20000,-2.34679,3.97946,1.45526,28
18000,-2.42481,3.90173,1.38937,28
16000,-2.51145,3.78873,1.31921,28
4000,0.63177,5.5656,3.08368,28
6000,0.49393,5.47916,2.63224,28
6000,0.340963,5.33871,2.19008,28
8000,-0.0187252,4.83485,1.45809,28
10000,-0.356429,4.16929,1.08659,28
12000,-0.657005,3.85028,0.956031,28
12000,-0.812338,3.60735,0.90802,28
14000,-1.25391,3.38934,0.952443,28
16000,-1.46916,3.57031,1.05558,28
18000,-1.60171,3.68895,1.15869,28
20000,-1.71489,3.75442,1.26282,28
22000,-1.82045,3.81037,1.36857,28
24000,-2.04818,3.93008,1.51886,28
22000,-2.1986,4.00376,1.49057,28
20000,-2.29585,3.9852,1.43803,28
18000,-2.383,3.91094,1.37579,28
16000,-2.47366,3.79372,1.30748,28
4000,0.640028,5.59298,3.11379,28
6000,0.404101,5.43907,2.36348,28
6000,0.250493,5.2765,1.96301,28
8000,-0.0508736,4.66479,1.40741,28
10000,-0.596982,3.87181,0.923325,28
10000,-0.747438,3.61815,0.86046,28
12000,-1.10519,3.31175,0.872809,28
12000,-1.25665,3.4603,0.874559,28
14000,-1.43192,3.62055,0.970905,28
16000,-1.59397,3.78025,1.07822,28
18000,-1.72793,3.8651,1.18787,28
20000,-1.86138,3.90189,1.30278,28
20000,-2.1152,3.9948,1.37913,28
18000,-2.28316,3.95303,1.34402,28
16000,-2.39794,3.85721,1.28436,28
4000,0.598718,5.53723,2.96552,28
6000,0.417005,5.39683,2.40047,28
6000,0.264239,5.25947,1.99593,28
8000,-0.106832,4.58759,1.32495,28
10000,-0.650936,3.71046,0.897766,28
10000,-0.805486,3.39637,0.842698,28
10000,-0.956598,3.27114,0.810491,28
12000,-1.30733,3.17955,0.877363,28
14000,-1.5236,3.57217,0.984152,28
16000,-1.6482,3.69205,1.08913,28
18000,-1.76548,3.84055,1.1971,28
20000,-1.89688,3.99463,1.31295,28
20000,-2.04721,3.96341,1.35789,28
20000,-2.19723,3.97234,1.40544,28
18000,-2.32422,3.91222,1.35697,28
4000,0.597163,5.50576,2.96005,28
6000,0.257208,5.22787,1.97902,28
6000,0.106364,5.02603,1.65016,28
8000,-0.168073,4.29206,1.2427,28
8000,-0.327117,4.02036,1.06485,28
8000,-0.584276,3.55047,0.869599,28
8000,-0.735064,3.27231,0.797364,28
8000,-0.888066,3.12969,0.748698,28
8000,-1.22199,2.81491,0.704547,28
10000,-1.4437,3.33062,0.801183,28
12000,-1.52974,3.52892,0.8998,28
14000,-1.656,3.65099,1.00681,28
16000,-1.7617,3.70961,1.11376,28
18000,-1.96337,3.94186,1.24931,28
18000,-2.11351,3.94861,1.29236,28
16000,-2.28988,3.84584,1.25228,28
4000,0.517399,5.47432,2.69058,28
6000,0.139435,4.94851,1.71687,28
6000,-0.594978,3.43553,0.799779,28
4000,0.525927,5.52763,2.71837,28
6000,0.406758,5.40576,2.37105,28
8000,0.250644,5.28507,1.98753,28
10000,-0.135762,4.7336,1.3242,28
10000,-0.539613,3.50393,0.954585,28
10000,-0.690349,3.38721,0.881286,28
4000,0.56849,5.47483,2.86071,28
6000,0.448767,5.46302,2.49382,28
8000,0.299919,5.32077,2.1065,28
10000,-0.0164865,4.91974,1.49569,28
12000,-0.275741,4.46622,1.20683,28
12000,-0.432868,4.10415,1.07637,28
4000,0.664584,5.65916,3.20472,28
6000,0.514456,5.51713,2.69738,28
8000,0.394312,5.51933,2.3553,28
10000,0.217631,5.26082,1.93689,28
12000,0.0107366,4.97052,1.57194,28
14000,-0.123153,4.73971,1.41567,28
16000,-0.318171,4.41217,1.2563,28
16000,-0.475111,4.17006,1.14966,28
16000,-0.68569,4.02625,1.06242,28
16000,-0.842211,3.9578,1.0294,28
18000,-0.994005,3.98132,1.08138,28
20000,-1.09291,4.04949,1.14849,28
22000,-1.17128,4.10418,1.22009,28
24000,-1.23396,4.20344,1.29278,28
26000,-1.28819,4.23338,1.36572,28
28000,-1.33536,4.26501,1.4382,28
30000,-1.37634,4.30131,1.50973,28
32000,-1.41567,4.31551,1.58118,28
34000,-1.44977,4.34422,1.65126,28
36000,-1.4828,4.3735,1.72107,28
38000,-1.51485,4.40802,1.79062,28
40000,-1.54929,4.44789,1.86122,28
42000,-1.58236,4.45852,1.93147,28
6000,0.546327,5.61196,2.80134,28
8000,0.421527,5.55299,2.43229,28
10000,0.259247,5.37024,2.03139,28
12000,0.0875472,5.07843,1.70299,28
14000,-0.0361225,4.86474,1.53306,28
16000,-0.174548,4.64954,1.39289,28
18000,-0.674874,4.21099,1.12092,28
20000,-0.854275,4.22394,1.1473,28
22000,-0.976706,4.25568,1.20347,28
24000,-1.07022,4.34019,1.26933,28
26000,-1.16545,4.41387,1.34208,28
28000,-1.23553,4.46975,1.41511,28
30000,-1.281,4.48047,1.48474,28
32000,-1.32431,4.51602,1.55463,28
34000,-1.36572,4.54322,1.62464,28
36000,-1.4055,4.55554,1.69469,28
38000,-1.4437,4.55662,1.76469,28
40000,-1.47638,4.57755,1.83303,28
42000,-1.50794,4.59159,1.90112,28
42000,-2.34582,4.22789,2.29578,28
42000,-2.35754,4.12176,2.30198,28
6000,0.627271,5.55556,3.08092,28
8000,0.472313,5.54416,2.58244,28
10000,0.293959,5.32874,2.11419,28
12000,0.0819159,4.9805,1.69285,28
14000,-0.0478665,4.81049,1.51617,28
16000,-0.189499,4.61126,1.37673,28
18000,-0.668512,4.23099,1.12264,28
20000,-0.826377,4.24964,1.1497,28
22000,-0.947037,4.22181,1.20276,28
24000,-1.04499,4.33814,1.26682,28
26000,-1.13817,4.38577,1.33762,28
28000,-1.21127,4.46891,1.41001,28
30000,-1.25853,4.48975,1.47927,28
32000,-1.30356,4.52271,1.54894,28
34000,-1.3418,4.55331,1.61741,28
36000,-1.37872,4.55985,1.68591,28
38000,-1.41431,4.58472,1.75433,28
40000,-1.44855,4.58941,1.82258,28
42000,-1.48175,4.60087,1.89073,28
42000,-2.3536,4.20922,2.29989,28
42000,-2.36452,3.98686,2.30568,28
4000,0.612627,5.56325,3.01479,28
6000,0.394599,5.37513,2.33657,28
6000,0.241897,5.20412,1.9427,28
8000,-0.102609,4.51064,1.33092,28
8000,-0.257974,4.26228,1.13615,28
10000,-0.952647,3.47041,0.811103,28
12000,-1.22012,3.65466,0.873179,28
14000,-1.46585,3.90009,0.975548,28
16000,-1.63302,3.98967,1.08601,28
18000,-1.79507,4.07511,1.20454,28
18000,-2.15058,4.0577,1.30339,28
16000,-2.32883,3.87679,1.26372,28
4000,0.588762,5.53389,2.93065,28
6000,0.272248,5.25053,2.01537,28
6000,0.120189,5.05668,1.67769,28
8000,-0.157928,4.28513,1.25577,28
8000,-0.309627,4.0604,1.08205,28
8000,-0.463442,3.7864,0.948692,28
8000,-0.619319,3.55787,0.850373,28
8000,-1.30461,3.07664,0.703061,28
10000,-1.44624,3.51772,0.801389,28
12000,-1.52681,3.65792,0.899413,28
14000,-1.6562,3.83853,1.00685,28
16000,-1.77083,3.91392,1.11584,28
18000,-1.91686,4.00324,1.23654,28
18000,-2.06702,4.02983,1.27874,28
16000,-2.2652,3.95085,1.24511,28
4000,0.569001,5.49758,2.86245,28
6000,0.233504,5.19616,1.92308,28
4000,0.631627,5.62336,3.08317,28
6000,0.513887,5.54552,2.69555,28
8000,0.392204,5.46791,2.34944,28
10000,0.18449,5.22841,1.86527,28
12000,-0.0126556,4.91863,1.53503,28
14000,-0.139022,4.70556,1.39615,28
16000,-0.273615,4.46696,1.29435,28
18000,-0.716314,4.03399,1.11072,28
18000,-0.866365,4.01565,1.08736,28
20000,-1.02187,4.08131,1.14454,28
22000,-1.16046,4.18769,1.21869,28
24000,-1.25003,4.24596,1.29567,28
26000,-1.32624,4.28803,1.37412,28
28000,-1.39577,4.32547,1.45367,28
30000,-1.45606,4.34516,1.5326,28
32000,-1.51527,4.36672,1.61259,28
34000,-1.57333,4.38277,1.69348,28
36000,-1.63283,4.37632,1.77612,28
38000,-1.70071,4.34908,1.86343,28
40000,-1.78701,4.31135,1.96047,28
40000,-1.93704,4.27644,2.028,28
40000,-2.08725,4.23596,2.09887,28
38000,-2.18509,4.27024,2.07973,28
36000,-2.24565,4.35272,2.03985,28
34000,-2.29073,4.29365,1.98993,28
32000,-2.32698,4.32434,1.93325,28
30000,-2.35754,4.3293,1.87128,28
28000,-2.38616,4.35411,1.80562,28
26000,-2.4168,4.24837,1.7377,28
24000,-2.451,4.2306,1.66772,28
22000,-2.48545,4.17702,1.5939,28
20000,-2.51856,4.2275,1.51519,28
18000,-2.55909,3.95746,1.43408,28
16000,-2.61261,4.02747,1.35121,28
4000,0.625978,5.60392,3.0627,28
6000,0.515891,5.52969,2.70199,28
8000,0.344907,5.41147,2.2216,28
10000,0.00107573,4.96204,1.5238,28
12000,-0.156935,4.67017,1.33633,28
14000,-0.286064,4.41883,1.24061,28
16000,-0.44377,4.20469,1.16779,28
16000,-0.600794,4.01561,1.0909,28
18000,-1.02669,3.91556,1.08155,28
20000,-1.23612,3.98064,1.16378,28
22000,-1.32901,4.02567,1.24566,28
24000,-1.41162,4.0515,1.32944,28
26000,-1.51286,4.08375,1.42129,28
28000,-1.61368,4.1352,1.51711,28
30000,-1.71965,4.14931,1.61843,28
32000,-1.84013,4.16047,1.72913,28
32000,-1.99055,4.16791,1.78892,28
32000,-2.14086,4.14879,1.85171,28
30000,-2.24949,4.12681,1.82489,28
28000,-2.30892,4.17167,1.77342,28
26000,-2.35655,4.15515,1.71342,28
24000,-2.4023,4.14016,1.64881,28
22000,-2.44855,4.10329,1.58014,28
20000,-2.49214,4.05839,1.50579,28
18000,-2.54363,3.96445,1.42885,28
16000,-2.60555,3.97493,1.34895,28
6000,0.64422,5.95804,3.09667,29
8000,0.491743,5.67963,2.59626,29
10000,0.36587,5.46359,2.25608,29
12000,0.202142,5.19307,1.8957,29
14000,0.0276594,4.88891,1.61042,29
16000,-0.135988,4.62651,1.42948,29
16000,-0.563726,4.13453,1.12225,29
16000,-0.71424,4.06296,1.07734,29
16000,-0.866461,4.07427,1.05451,29
18000,-1.01886,4.17898,1.11786,29
20000,-1.13484,4.30767,1.19481,29
22000,-1.22163,4.41123,1.2753,29
24000,-1.29551,4.50263,1.35713,29
26000,-1.38195,4.58032,1.44489,29
28000,-1.46243,4.62488,1.53419,29
30000,-1.54212,4.65097,1.62586,29
32000,-1.60607,4.65371,1.71415,29
34000,-1.67448,4.64298,1.80558,29
34000,-1.79453,4.60816,1.85446,29
4000,0.739236,6.17475,3.45136,29
6000,0.516578,5.6967,2.65603,29
8000,0.134282,4.8011,1.69915,29
10000,-0.0606455,4.34412,1.40629,29
10000,-0.212334,4.11046,1.21722,29
10000,-0.367168,3.84004,1.07217,29
10000,-0.521159,3.5382,0.968079,29
10000,0.379177,5.27776,2.29147,29
12000,0.252792,5.07763,2.0051,29
14000,0.0353136,4.67823,1.6224,29
16000,-0.175438,4.3412,1.38698,29
18000,-0.723561,4.06904,1.13565,29
18000,-0.874681,4.02914,1.11862,29
20000,-1.02738,4.14628,1.18468,29
22000,-1.12321,4.20833,1.25989,29
24000,-1.21247,4.27891,1.33993,29
26000,-1.30469,4.344,1.42525,29
28000,-1.38479,4.39291,1.51137,29
30000,-1.45284,4.41929,1.59652,29
32000,-1.51018,4.42144,1.67979,29
34000,-1.56607,4.44282,1.76366,29
36000,-1.62306,4.41389,1.84903,29
38000,-1.66615,4.43481,1.92956,29
40000,-1.70333,4.44412,2.00789,29
42000,-1.76574,4.43881,2.09832,29
6000,0.626177,5.69661,3.03073,29
8000,0.462062,5.42574,2.50573,29
10000,0.279496,5.07331,2.04051,29
12000,0.10998,4.78729,1.71619,29
12000,-0.664683,3.20817,0.966146,29
12000,-0.817158,3.29425,0.925884,29
14000,-1.09002,3.65157,0.97771,29
16000,-1.19172,3.82465,1.0588,29
18000,-1.26249,3.92205,1.14138,29
20000,-1.32661,4.01953,1.22486,29
22000,-1.38955,4.07496,1.30949,29
24000,-1.45014,4.14408,1.39477,29
26000,-1.52827,4.21809,1.48637,29
28000,-1.6258,4.2334,1.58669,29
4000,0.774667,6.26063,3.59808,29
6000,0.627024,5.92771,3.0338,29
8000,0.461164,5.63428,2.50304,29
10000,0.324608,5.39355,2.15008,29
12000,0.20505,5.17507,1.90177,29
14000,0.00496159,4.78414,1.57579,29
16000,-0.151331,4.48017,1.41255,29
16000,-0.558305,3.88281,1.12435,29
14000,-0.833836,3.55267,0.991703,29
12000,-1.18856,3.45728,0.902073,29
12000,-1.33885,3.48359,0.912393,29
6000,0.694536,6.07619,3.28705,29
8000,0.560104,5.82096,2.81677,29
10000,0.429888,5.58293,2.43186,29
12000,0.305214,5.36328,2.12678,29
14000,0.123829,5.01466,1.77239,29
16000,-0.0264427,4.72637,1.5661,29
18000,-0.149066,4.47823,1.45511,29
20000,-0.318704,4.18851,1.3512,29
20000,-0.473855,3.96284,1.26491,29
18000,-0.660608,3.69082,1.14881,29
16000,-0.886357,3.43696,1.05292,29
14000,-1.20315,3.40603,0.983236,29
14000,-1.3533,3.54432,0.998555,29
12000,-1.62233,3.46494,0.950785,29
4000,0.775533,6.2701,3.60173,29
6000,0.680166,6.03859,3.2317,29
8000,0.549903,5.78295,2.78278,29
10000,0.432431,5.57696,2.43913,29
12000,0.306607,5.35483,2.13013,29
14000,0.123927,5.00764,1.77256,29
16000,-0.0271494,4.71219,1.56512,29
18000,-0.150237,4.47441,1.45388,29
20000,-0.329698,4.1767,1.34379,29
18000,-0.639653,3.72811,1.1541,29
16000,-0.87296,3.41464,1.05396,29
14000,-1.16412,3.29732,0.980676,29
14000,-1.31453,3.42259,0.993843,29
12000,-1.62015,3.39217,0.950417,29
6000,0.681459,6.00745,3.23665,29
8000,0.511295,5.68216,2.65761,29
10000,0.36827,5.41693,2.26242,29
12000,0.245436,5.19233,1.98872,29
14000,-0.0228986,4.64298,1.53509,29
14000,-0.489991,3.65021,1.10006,29
4000,0.771079,6.22544,3.583,29
6000,0.666098,5.99596,3.17827,29
8000,0.509237,5.71153,2.65109,29
10000,0.356364,5.43706,2.23116,29
12000,0.2097,5.21002,1.91152,29
14000,-0.0904868,4.61997,1.44428,29
4000,0.775552,6.17131,3.60181,29
6000,0.664942,5.96472,3.17391,29
8000,0.489641,5.67969,2.58975,29
10000,0.329504,5.41596,2.16236,29
12000,0.177075,5.15925,1.84442,29
14000,-0.176389,4.50446,1.34409,29
14000,-0.521232,3.53769,1.08447,29
4000,0.774733,6.26036,3.59836,29
6000,0.678946,6.04053,3.22703,29
8000,0.543107,5.78618,2.76036,29
10000,0.401333,5.53611,2.35173,29
12000,0.265561,5.28475,2.03394,29
14000,0.0923381,4.96032,1.71656,29
16000,-0.0630492,4.63889,1.51728,29
18000,-0.210977,4.34663,1.39394,29
18000,-0.447697,3.9249,1.22703,29
6000,0.686631,5.99725,3.2565,29
8000,0.542863,5.73283,2.75955,29
10000,0.390057,5.47249,2.32086,29
12000,0.258362,5.24305,2.01762,29
14000,0.00123167,4.79237,1.57023,29
16000,-0.258336,4.30397,1.30827,29
16000,-0.411112,3.97424,1.19685,29
14000,-0.702765,3.33062,1.01813,29
6000,0.688584,6.03116,3.26402,29
8000,0.552744,5.77923,2.79221,29
10000,0.411897,5.55353,2.38105,29
12000,0.292502,5.35471,2.09646,29
14000,0.051789,4.95129,1.6487,29
16000,-0.118981,4.60334,1.44886,29
18000,-0.256663,4.2811,1.35384,29
18000,-0.521087,3.73368,1.19352,29
4000,0.774158,6.26377,3.59594,29
6000,0.676005,6.03587,3.21581,29
8000,0.515134,5.71152,2.66981,29
10000,0.368655,5.44863,2.26344,29
12000,0.21456,5.17132,1.92179,29
14000,0.00582374,4.75429,1.57708,29
16000,-0.242437,4.22614,1.3223,29
16000,-0.396726,3.90173,1.20565,29
4000,0.777074,6.28586,3.60823,29
8000,0.534068,5.76705,2.73079,29
10000,0.38047,5.5123,2.29495,29
12000,0.217337,5.21044,1.92769,29
14000,0.0124407,4.80618,1.58706,29
14000,-0.143918,4.46427,1.38004,29
16000,-0.297216,4.11797,1.27598,29
16000,-0.453655,3.76065,1.1727,29
4000,0.777643,6.25624,3.61063,29
6000,0.675986,6.03294,3.21574,29
8000,0.514375,5.74089,2.6674,29
10000,0.370437,5.48544,2.26816,29
12000,0.246496,5.26097,1.99107,29
14000,-0.000304111,4.77679,1.56795,29
16000,-0.217255,4.29259,1.34554,29
16000,-0.368171,3.99038,1.22411,29
4000,0.768516,6.14443,3.57227,29
6000,0.549211,5.87671,2.76302,29
8000,0.207562,5.25002,1.85062,29
10000,-0.00524307,4.80598,1.4885,29
10000,-0.542587,3.32243,0.956348,29
4000,0.766788,6.22371,3.56504,29
6000,0.58395,5.82754,2.88115,29
8000,0.269919,5.20407,1.99199,29
10000,0.0622886,4.63964,1.59911,29
10000,-0.256733,3.89137,1.17102,29
8000,-0.596674,3.23729,0.863997,29
6000,-0.892451,2.46687,0.675674,29
4000,0.769355,6.22043,3.57578,29
6000,0.59098,5.84175,2.9056,29
8000,0.285901,5.25967,2.03015,29
10000,0.0721322,4.75315,1.61623,29
4000,0.765677,6.19144,3.5604,29
6000,0.624054,5.89655,3.02305,29
8000,0.430164,5.51621,2.41188,29
10000,0.242964,5.14069,1.9565,29
12000,0.0831477,4.78717,1.66847,29
12000,-0.0677901,4.44671,1.43525,29
12000,-0.719649,3.36078,0.948995,29
12000,-0.871019,3.31513,0.916691,29
12000,-1.02255,3.22272,0.902288,29
14000,-1.28092,3.49374,0.990164,29
16000,-1.38018,3.72148,1.08329,29
18000,-1.47031,3.88041,1.17858,29
20000,-1.57971,4.06659,1.28152,29
20000,-1.73025,4.26202,1.32185,29
20000,-1.88041,4.28181,1.36584,29
18000,-2.03058,4.19243,1.32466,29
16000,-2.16813,4.06363,1.27201,29
4000,0.772632,6.23494,3.58953,29
6000,0.635949,5.92074,3.06629,29
8000,0.443438,5.552,2.45051,29
10000,0.253147,5.17472,1.9795,29
12000,0.0902157,4.81084,1.68084,29
12000,-0.816958,3.31785,0.925922,29
12000,-0.969158,3.20466,0.905604,29
14000,-1.26162,3.48116,0.988231,29
16000,-1.36845,3.70952,1.08143,29
18000,-1.45655,3.85769,1.17575,29
20000,-1.56273,4.00104,1.27724,29
20000,-1.71287,4.23702,1.31698,29
20000,-1.86328,4.28053,1.36065,29
18000,-2.05208,4.21061,1.33118,29
16000,-2.19179,4.05415,1.27902,29
4000,0.774439,6.23696,3.59712,29
6000,0.638523,5.92041,3.07572,29
8000,0.445721,5.5436,2.45721,29
10000,0.254807,5.16338,1.98328,29
12000,0.0913152,4.79618,1.68278,29
12000,-0.798384,3.37694,0.929658,29
12000,-0.950743,3.28398,0.90717,29
14000,-1.24474,3.5253,0.986653,29
16000,-1.35892,3.72844,1.07994,29
18000,-1.45259,3.90677,1.17494,29
20000,-1.56352,4.02812,1.27744,29
20000,-1.71399,4.26005,1.3173,29
20000,-1.86455,4.29813,1.36104,29
18000,-2.03858,4.19014,1.32708,29
16000,-2.18177,4.09771,1.27605,29
6000,0.669697,6.00826,3.19187,29
8000,0.507108,5.65265,2.64436,29
12000,0.229008,5.03106,1.95275,29
8000,0.486083,5.62556,2.57876,29
10000,0.315347,5.26264,2.12705,29
12000,0.0754119,4.73509,1.65507,29
10000,-0.171192,4.13656,1.26357,29
4000,0.766984,6.20691,3.56586,29
6000,0.593331,5.83244,2.91381,29
8000,0.30547,5.30625,2.07796,29
10000,0.0856009,4.87097,1.64007,29
10000,-0.536062,3.59151,0.959854,29
4000,0.757701,6.20544,3.52722,29
6000,0.541857,5.75602,2.73857,29
8000,0.173801,4.96103,1.77891,29
8000,-0.513669,3.44154,0.910939,29
4000,0.755074,6.20725,3.51635,29
6000,0.532697,5.74267,2.7084,29
8000,0.14664,4.89828,1.72362,29
8000,-0.488906,3.53428,0.926763,29
4000,0.752478,6.19344,3.50563,29
6000,0.553695,5.77281,2.77802,29
8000,0.200801,5.03715,1.83599,29
10000,-0.0526839,4.39459,1.41765,29
10000,-0.213561,4.08217,1.21589,29
4000,0.753578,6.18788,3.51017,29
6000,0.543864,5.76891,2.74523,29
8000,0.170625,5.0065,1.77234,29
10000,-0.0534691,4.44521,1.41652,29
10000,-0.214627,4.10998,1.21473,29
10000,-0.365694,3.79484,1.07334,29
4000,0.755998,6.13344,3.52017,29
6000,0.518943,5.76592,2.66365,29
8000,-0.0558432,4.92906,1.37382,29
10000,-0.209933,4.50048,1.21983,29
12000,-0.41285,3.9555,1.09189,29
12000,-0.564331,3.61658,1.00624,29
4000,0.758267,6.20322,3.52957,29
6000,0.536451,5.73627,2.72073,29
8000,0.172886,4.9861,1.77702,29
10000,-0.0517387,4.42788,1.41901,29
10000,-0.213327,4.12385,1.21614,29
10000,-0.364335,3.73902,1.07443,29
4000,0.757763,6.20204,3.52748,29
6000,0.54768,5.76546,2.75791,29
8000,0.184816,5.05748,1.80194,29
10000,-0.0163918,4.58748,1.47136,29
10000,-0.528664,3.53084,0.963899,29
10000,-0.678878,3.26905,0.895348,29
4000,0.767304,6.25701,3.56719,29
6000,0.561166,5.87279,2.80317,29
8000,0.237144,5.10019,1.91622,29
10000,-0.0305282,4.36093,1.45006,29
8000,-0.405155,3.65456,0.987025,29
4000,0.765843,6.13466,3.56109,29
6000,0.571635,5.80591,2.83877,29
8000,0.0690054,5.04177,1.57687,29
10000,-0.132014,4.45712,1.31104,29
4000,0.769088,6.22274,3.57466,29
6000,0.589053,5.83089,2.89888,29
8000,0.270849,5.16355,1.99419,29
10000,0.0111177,4.45862,1.51423,29
10000,-0.149531,4.11099,1.28941,29
8000,-0.42143,3.52517,0.974467,29
4000,0.767938,6.20398,3.56984,29
6000,0.587938,5.83283,2.89499,29
8000,0.274361,5.15456,2.00252,29
10000,-0.00129177,4.39108,1.49465,29
8000,-0.387852,3.55618,1.00084,29
4000,0.763947,6.22996,3.55318,29
6000,0.570982,5.78035,2.83654,29
8000,0.208492,4.94215,1.85264,29
8000,-0.242096,3.84745,1.13779,29
4000,0.766647,6.1123,3.56445,29
6000,0.561725,5.79163,2.80506,29
4000,0.768352,6.16366,3.57158,29
6000,0.545423,5.78082,2.7504,29
4000,0.765335,6.15749,3.55897,29
6000,0.551688,5.78269,2.77129,29
4000,0.769918,6.23451,3.57814,29
6000,0.599152,5.89431,2.93424,29
8000,0.359179,5.4314,2.21548,29
10000,0.168279,5.03774,1.79738,29
12000,0.0149907,4.65187,1.55596,29
12000,-0.144572,4.2668,1.33783,29
12000,-0.296588,4.00488,1.18197,29
12000,-0.455225,3.69487,1.06457,29
12000,-0.607584,3.49693,0.987485,29
4000,0.768994,6.19048,3.57427,29
6000,0.616289,5.86096,2.99511,29
8000,0.379487,5.41041,2.26994,29
10000,0.194048,5.02679,1.85041,29
12000,0.0336328,4.62802,1.58551,29
12000,-0.118062,4.27191,1.36995,29
12000,-0.27693,3.95885,1.19956,29
12000,-0.431493,3.66332,1.07952,29
12000,-0.582445,3.39881,0.998102,29
10000,-0.847712,3.00775,0.847547,29
4000,0.759452,6.22261,3.53448,29
6000,0.571414,5.79802,2.83801,29
8000,0.29313,5.20528,2.04767,29
10000,0.0812501,4.70659,1.63231,29
4000,0.754637,6.19788,3.51454,29
6000,0.563825,5.76332,2.81218,29
8000,0.241678,5.11303,1.92651,29
10000,0.0175216,4.6004,1.52448,29
10000,-0.526717,3.61268,0.964976,29
10000,-0.679874,3.37051,0.894983,29
4000,0.752739,6.2059,3.50671,29
6000,0.526773,5.7082,2.68904,29
4000,0.757863,6.13844,3.52789,29
6000,0.513813,5.74147,2.64714,29
8000,-0.152699,4.61032,1.2418,29
8000,-0.500973,3.42226,0.918943,29
4000,0.751935,6.2131,3.50339,29
6000,0.534054,5.72876,2.71285,29
8000,0.082649,4.62213,1.60148,29
8000,-0.0786882,4.25037,1.34076,29
6000,-0.49386,3.17782,0.860296,29
4000,0.757541,6.16148,3.52656,29
6000,0.526959,5.82747,2.68965,29
8000,-0.0129552,4.93614,1.43921,29
8000,-0.594671,3.27531,0.865025,29
4000,0.751271,6.16267,3.50066,29
6000,0.529439,5.7638,2.69774,29
8000,-0.0408011,4.90403,1.39625,29
10000,-0.238305,4.29226,1.18972,29
10000,-0.394512,3.74068,1.05098,29
4000,0.755056,6.21449,3.51627,29
6000,0.553689,5.78071,2.778,29
8000,0.167438,4.88679,1.76577,29
8000,-0.144263,4.08361,1.25247,29
6000,-0.510337,3.31069,0.848877,29
4000,0.761208,6.23753,3.54178,29
6000,0.577145,5.80974,2.85766,29
8000,0.27025,5.13851,1.99278,29
8000,-0.348247,3.78831,1.03434,29
4000,0.756397,6.22649,3.52182,29
6000,0.567676,5.80334,2.82526,29
8000,0.230278,5.08628,1.90076,29
8000,-0.53334,3.49568,0.898981,29
4000,0.748226,6.19738,3.48813,29
6000,0.500232,5.6854,2.60387,29
4000,0.74622,6.14446,3.4799,29
6000,0.473789,5.6893,2.52149,29
8000,-0.25168,4.22889,1.12759,29
8000,-0.40179,3.50542,0.989674,29
4000,0.744717,6.28581,3.47374,29
6000,0.476198,5.77216,2.52889,29
8000,-0.0140843,4.57323,1.43743,29
8000,-0.16698,4.10554,1.22407,29
4000,0.746572,6.22235,3.48134,29
6000,0.492766,5.7467,2.58036,29
8000,-0.0474158,4.37502,1.38632,29
4000,0.751111,6.23794,3.5,29
6000,0.545362,5.78992,2.7502,29
8000,0.18497,5.05424,1.80227,29
10000,-0.0325082,4.53957,1.44711,29
10000,-0.189257,4.2174,1.24279,29
10000,-0.441375,3.76626,1.01747,29
10000,-0.596536,3.45362,0.92949,29
4000,0.753552,6.20277,3.51006,29
6000,0.504074,5.76334,2.61604,29
8000,0.0422407,4.88471,1.53003,29
10000,-0.213625,4.29037,1.21582,29
10000,-0.371305,3.95775,1.06888,29
10000,-0.52204,3.6248,0.967585,29
6000,0.651466,6.03091,3.1235,29
8000,0.470002,5.7057,2.52964,29
10000,0.329548,5.47022,2.16247,29
12000,0.207036,5.26659,1.90593,29
14000,0.00439876,4.90002,1.57495,29
16000,-0.133081,4.64905,1.43275,29
18000,-0.271987,4.44017,1.3413,29
18000,-0.507156,4.17918,1.19931,29
18000,-0.658961,4.07628,1.14921,29
16000,-0.86094,3.94161,1.05501,29
16000,-1.01233,3.92221,1.04905,29
14000,-1.26225,3.86445,0.988292,29
4000,0.777909,6.3095,3.61175,29
6000,0.652414,6.00617,3.12702,29
8000,0.479462,5.74688,2.55843,29
10000,0.333929,5.48945,2.17353,29
12000,0.217563,5.27711,1.92817,29
14000,-0.00832656,4.86054,1.55614,29
16000,-0.167121,4.58653,1.39566,29
18000,-0.349459,4.34805,1.28451,29
18000,-0.50379,4.18924,1.20075,29
16000,-0.790217,3.98367,1.06346,29
16000,-0.941005,3.91913,1.04998,29
14000,-1.15646,3.85643,0.980251,29
14000,-1.30698,3.85842,0.992982,29
8000,1.05871,5.7092,4.41011,74
12000,0.904007,5.54961,3.66357,74
14000,0.745367,5.36575,3.0424,74
14000,0.228541,4.51095,1.77716,74
14000,0.070806,4.23256,1.57986,74
14000,-0.0822583,4.02991,1.44684,74
14000,-0.232926,3.89221,1.36073,74
14000,-0.385567,3.82393,1.30901,74
14000,-0.537243,3.85703,1.28492,74
16000,-0.692825,4.00749,1.37946,74
18000,-0.844057,4.17389,1.49587,74
24000,-0.995034,4.25978,1.81704,74
28000,-1.14521,4.30263,2.05566,74
30000,-1.29585,4.31975,2.21616,74
30000,-1.44636,4.28988,2.29389,74
28000,-1.59654,4.2559,2.27736,74
6000,1.10899,5.68375,4.68543,74
10000,0.956113,5.54958,3.88636,74
12000,0.799794,5.39073,3.21692,74
14000,0.632502,5.2098,2.66596,74
14000,0.472762,5.02937,2.23735,74
14000,0.315605,4.84601,1.9174,74
14000,0.165134,4.63037,1.68963,74
14000,0.0143483,4.2748,1.52476,74
14000,-0.135928,3.93957,1.4116,74
14000,-0.2873,3.72949,1.33866,74
14000,-0.744293,3.73223,1.28435,74
16000,-0.895445,3.9102,1.40598,74
18000,-1.04648,4.0146,1.54323,74
20000,-1.19723,4.05584,1.69305,74
6000,1.11071,5.6736,4.69593,74
10000,0.956932,5.5482,3.89043,74
12000,0.800371,5.39485,3.21921,74
14000,0.555127,5.15186,2.44413,74
14000,0.39995,4.9892,2.07767,74
14000,-0.116276,4.13666,1.42388,74
14000,-0.267486,3.84819,1.3462,74
14000,-0.419486,3.70578,1.30152,74
14000,-0.737407,3.72827,1.28389,74
16000,-0.888267,3.87668,1.40468,74
18000,-1.03848,4.01695,1.54106,74
20000,-1.1893,4.06565,1.6903,74
20000,-1.3398,4.05888,1.74519,74
20000,-1.48999,4.11311,1.80511,74
20000,-1.64035,3.99476,1.86947,74
6000,1.11393,5.6731,4.71575,74
10000,0.961997,5.55811,3.91576,74
12000,0.807417,5.44084,3.2474,74
12000,-0.510703,3.63659,1.19229,74
12000,-0.661026,3.69425,1.17943,74
14000,-0.829621,3.86141,1.29233,74
16000,-0.980053,4.02107,1.42297,74
18000,-1.1303,4.08899,1.56726,74
20000,-1.28092,4.09587,1.72305,74
20000,-1.43098,4.08955,1.78101,74
20000,-1.58104,4.06446,1.8436,74
6000,1.11117,5.6948,4.69879,74
10000,0.958248,5.56677,3.897,74
12000,0.802328,5.40403,3.22701,74
12000,0.649264,5.24692,2.68008,74
12000,-0.313158,3.4188,1.24335,74
12000,-0.465707,3.30406,1.20011,74
12000,-0.890455,3.41347,1.19022,74
14000,-1.04441,3.74997,1.32796,74
16000,-1.19491,3.90228,1.47777,74
18000,-1.34525,3.9434,1.63798,74
18000,-1.49526,3.92572,1.69366,74
6000,1.11327,5.64719,4.71164,74
10000,0.961196,5.50297,3.91174,74
12000,0.808891,5.36553,3.25333,74
12000,0.655956,5.20978,2.70145,74
12000,0.500974,5.03505,2.2604,74
12000,0.346601,4.89073,1.92112,74
12000,0.192456,4.6963,1.6656,74
12000,0.0373388,4.50147,1.47772,74
12000,-0.115675,4.22868,1.34771,74
12000,-0.268572,3.71433,1.26161,74
12000,-0.419588,3.25358,1.21031,74
6000,1.11675,5.72753,4.73312,74
10000,0.923766,5.5574,3.72876,74
12000,0.646699,5.25092,2.67195,74
12000,0.494757,5.099,2.24492,74
12000,0.343651,4.94492,1.9155,74
12000,0.188861,4.75183,1.66051,74
12000,0.0362935,4.53596,1.47666,74
12000,-0.115992,4.23099,1.34749,74
12000,-0.267108,3.65466,1.26226,74
10000,-0.635937,3.16017,1.07436,74
6000,1.11249,5.75231,4.70687,74
10000,0.962477,5.63133,3.91817,74
12000,0.8071,5.47967,3.24613,74
12000,-0.156611,3.67367,1.32078,74
12000,-0.3096,3.49872,1.2447,74
12000,-0.462181,3.35064,1.20081,74
12000,-0.874714,3.78283,1.18855,74
16000,-1.03175,4.1177,1.43474,74
18000,-1.1821,4.29695,1.58319,74
8000,1.06132,5.68667,4.42508,74
14000,0.888615,5.51136,3.62147,74
16000,0.690657,5.2655,2.88718,74
16000,0.53436,5.07593,2.43154,74
16000,0.375117,4.86614,2.07765,74
16000,0.22114,4.61009,1.82377,74
16000,-0.228332,3.98597,1.44196,74
16000,-0.379136,3.9145,1.39628,74
16000,-0.530428,3.89691,1.3773,74
16000,-0.680873,3.92947,1.37865,74
18000,-0.831444,4.03838,1.49351,74
20000,-0.981549,4.0613,1.62511,74
8000,1.06688,5.72065,4.45707,74
14000,0.889355,5.53508,3.62478,74
16000,0.727939,5.32424,3.01385,74
16000,0.574967,5.13581,2.53883,74
16000,0.421905,4.9184,2.17121,74
16000,0.267409,4.67318,1.8919,74
16000,0.115071,4.40071,1.69122,74
16000,-0.0384603,4.17696,1.55004,74
16000,-0.190979,4.05246,1.45829,74
18000,-0.409414,3.98762,1.47426,74
18000,-0.559989,4.0289,1.46534,74
20000,-0.710946,4.06629,1.56599,74
22000,-0.861255,4.08906,1.68647,74
22000,-1.0114,4.11287,1.7297,74
6000,1.10758,5.66541,4.67681,74
12000,0.933777,5.49395,3.80349,74
14000,0.781171,5.32933,3.17599,74
14000,0.628989,5.15136,2.65528,74
14000,0.475397,4.98057,2.24352,74
14000,0.319778,4.81113,1.92474,74
14000,0.165063,4.62313,1.68954,74
14000,0.0114013,4.33185,1.52209,74
14000,-0.142011,3.95938,1.40794,74
14000,-0.292549,3.63124,1.33676,74
14000,-0.443047,3.3881,1.29707,74
12000,-0.612432,3.25816,1.18155,74
12000,-0.762557,3.19312,1.18035,74
12000,-0.912929,3.30878,1.19281,74
14000,-1.06308,3.57159,1.33192,74
8000,1.04954,5.71993,4.358,74
12000,0.851623,5.50586,3.43087,74
14000,0.649334,5.2896,2.71799,74
14000,0.498248,5.05168,2.29826,74
14000,0.343625,4.83683,1.96785,74
14000,0.192029,4.54389,1.72534,74
12000,-0.269525,3.67201,1.26119,74
12000,-0.420148,3.34459,1.21017,74
8000,1.02865,5.75374,4.24149,74
12000,0.850602,5.55601,3.4265,74
14000,0.700283,5.41119,2.88412,74
14000,0.54185,5.15033,2.40882,74
14000,0.387925,4.80151,2.05325,74
14000,0.232114,4.52922,1.78245,74
14000,0.0796768,4.27254,1.58921,74
14000,-0.0764969,4.00591,1.45095,74
14000,-0.227165,3.80875,1.36332,74
12000,-0.476904,3.64591,1.19797,74
12000,-0.628194,3.61627,1.18066,74
12000,-0.778351,3.81875,1.18108,74
18000,-0.92867,4.22427,1.51361,74
8000,1.04406,5.80794,4.32713,74
12000,0.89188,5.5915,3.60818,74
14000,0.738926,5.37947,3.01912,74
16000,0.586309,5.13475,2.57013,74
16000,0.435134,4.78698,2.19918,74
16000,0.277907,4.58979,1.9083,74
14000,0.127383,4.39618,1.6429,74
14000,-0.0265535,4.32871,1.48937,74
14000,-0.179096,4.26501,1.38703,74
16000,-0.403887,4.3853,1.39153,74
18000,-0.554816,4.59689,1.4653,74
24000,-0.705953,4.71513,1.73749,74
30000,-0.856642,4.80489,2.02562,74
36000,-1.00882,4.8563,2.32778,74
42000,-1.15996,4.86908,2.64171,74
8000,1.02536,5.71003,4.22338,74
12000,0.866766,5.5321,3.4964,74
14000,0.709466,5.34028,2.91549,74
16000,0.550055,5.04551,2.47213,74
16000,0.396405,4.78924,2.11921,74
16000,0.239237,4.48763,1.84963,74
14000,0.061279,4.23704,1.57003,74
14000,-0.0956903,4.04891,1.43751,74
14000,-0.246486,3.91105,1.35482,74
14000,-0.398309,3.84572,1.30604,74
16000,-0.565862,3.97169,1.376,74
18000,-0.717242,4.1231,1.47597,74
24000,-0.869602,4.24388,1.7778,74
30000,-1.02191,4.41469,2.08979,74
38000,-1.17315,4.4952,2.49214,74
8000,1.02372,5.66649,4.21444,74
12000,0.873119,5.51613,3.52431,74
14000,0.712755,5.3262,2.92683,74
16000,0.559192,5.12626,2.49626,74
16000,0.399407,4.82592,2.1252,74
16000,0.246651,4.44592,1.86052,74
14000,0.0915861,4.11066,1.60207,74
14000,-0.0646137,3.98177,1.45963,74
14000,-0.215561,3.9208,1.36871,74
14000,-0.368221,3.90913,1.31336,74
14000,-0.520468,3.89048,1.28646,74
18000,-0.685606,4.06206,1.47246,74
22000,-0.835766,4.22266,1.68009,74
28000,-0.986573,4.30499,1.99057,74
36000,-1.13847,4.36573,2.39282,74
10000,0.975221,5.68914,3.98268,74
14000,0.795676,5.49614,3.23216,74
16000,0.634283,5.23104,2.70925,74
16000,0.481764,5.00466,2.30329,74
16000,0.330578,4.65637,1.99602,74
16000,0.179563,4.32292,1.76805,74
16000,-0.344122,4.01191,1.40424,74
16000,-0.497122,4.0133,1.37952,74
20000,-0.649674,4.2078,1.55812,74
24000,-0.799889,4.28666,1.75895,74
30000,-0.950472,4.35991,2.06075,74
38000,-1.10188,4.39287,2.45351,74
6000,1.10941,5.73457,4.68802,74
10000,0.9579,5.59896,3.89526,74
12000,0.807313,5.43805,3.24698,74
14000,0.655573,5.26411,2.73763,74
14000,0.502347,5.06284,2.3083,74
14000,0.352208,4.80072,1.98385,74
14000,0.198115,4.46294,1.7337,74
14000,0.0433583,4.03731,1.55214,74
14000,-0.110116,3.758,1.42788,74
12000,-0.403722,3.44685,1.21436,74
12000,-0.55583,3.40175,1.18641,74
12000,-0.816474,3.53643,1.18344,74
12000,-0.966616,3.73791,1.19991,74
16000,-1.11685,3.84862,1.45615,74
6000,1.11128,5.79018,4.69944,74
10000,0.957847,5.6606,3.895,74
14000,0.755879,5.42672,3.08089,74
14000,0.60218,5.18053,2.57569,74
14000,0.450828,4.83156,2.18705,74
14000,0.300717,4.49642,1.89168,74
14000,0.150388,4.28585,1.67092,74
14000,-0.0035321,4.08881,1.50884,74
14000,-0.153558,3.97594,1.40118,74
14000,-0.304886,3.89559,1.33243,74
12000,-0.699252,4.12235,1.17897,74
14000,-0.849981,4.19731,1.29482,74
16000,-1.00126,4.28156,1.42768,74
18000,-1.15175,4.28756,1.57376,74
6000,1.10597,5.77315,4.66697,74
10000,0.951588,5.67694,3.8639,74
14000,0.762047,5.45934,3.10375,74
14000,0.607959,5.22227,2.59256,74
14000,0.251891,4.52162,1.81241,74
14000,0.0949949,4.28863,1.60582,74
14000,-0.057144,4.17336,1.46524,74
14000,-0.212009,4.10054,1.3704,74
14000,-0.36231,4.07298,1.31493,74
14000,-0.516056,4.07346,1.28691,74
14000,-0.66912,4.12901,1.28096,74
16000,-0.821138,4.16652,1.39371,74
18000,-0.972284,4.20145,1.52396,74
20000,-1.12332,4.17981,1.66812,74
20000,-1.27352,4.15582,1.72033,74
6000,1.10943,5.73388,4.6881,74
10000,0.955789,5.59991,3.88474,74
14000,0.767829,5.40095,3.12538,74
14000,0.61318,5.18414,2.60793,74
14000,0.454816,4.90572,2.19606,74
14000,0.299183,4.56614,1.88907,74
14000,0.144294,4.21307,1.66335,74
14000,-0.00655935,4.0159,1.50621,74
14000,-0.159793,3.81077,1.39762,74
14000,-0.312757,3.68485,1.32978,74
12000,-0.641627,3.718,1.18006,74
14000,-0.792877,3.87944,1.2884,74
16000,-0.943286,4.03711,1.41522,74
18000,-1.09453,4.10469,1.55673,74
20000,-1.24458,4.24898,1.7098,74
6000,1.10084,5.74969,4.6358,74
10000,0.948987,5.61727,3.85105,74
14000,0.756298,5.44226,3.08244,74
14000,0.601973,5.1898,2.57509,74
14000,0.234112,4.43686,1.78542,74
14000,0.0766186,4.20871,1.58596,74
14000,-0.0739406,4.0677,1.4528,74
14000,-0.226009,3.98972,1.36385,74
14000,-0.377848,3.94557,1.3109,74
14000,-0.527917,3.9735,1.28575,74
16000,-0.711594,4.08536,1.38093,74
18000,-0.863723,4.15214,1.4997,74
20000,-1.01484,4.15788,1.63459,74
22000,-1.1659,4.12011,1.78262,74
24000,-1.31596,4.18276,1.94141,74
10000,0.980451,5.72295,4.00947,74
14000,0.823543,5.48327,3.34348,74
16000,0.670275,5.30705,2.82099,74
16000,0.517778,5.1151,2.38982,74
16000,0.364859,4.87205,2.05823,74
16000,0.211289,4.51681,1.81011,74
16000,-0.0699888,4.30201,1.52748,74
16000,-0.224302,4.21213,1.44362,74
18000,-0.379854,4.25833,1.4787,74
22000,-0.533177,4.33778,1.63276,74
26000,-0.683505,4.39547,1.81477,74
32000,-0.834667,4.4325,2.09704,74
40000,-0.987711,4.44031,2.47068,74
10000,0.980739,5.75452,4.01096,74
14000,0.809932,5.56013,3.28854,74
16000,0.6505,5.29953,2.7588,74
16000,0.494786,5.01478,2.33395,74
16000,0.340525,4.79399,2.01365,74
16000,0.188383,4.43846,1.77945,74
16000,-0.142324,4.30627,1.48298,74
18000,-0.304658,4.39048,1.49466,74
20000,-0.459633,4.39217,1.55145,74
24000,-0.612646,4.45843,1.72141,74
30000,-0.763186,4.48559,1.99456,74
36000,-0.914103,4.49382,2.28395,74
6000,1.10874,5.91607,4.6839,74
10000,0.958288,5.71898,3.8972,74
14000,0.758113,5.41785,3.08914,74
14000,0.602062,5.04096,2.57535,74
14000,0.446139,4.61424,2.17655,74
14000,0.294587,4.31161,1.8813,74
6000,1.11171,5.67293,4.70207,74
10000,0.95201,5.54133,3.86599,74
12000,0.801588,5.34574,3.22406,74
6000,1.10772,5.75891,4.67768,74
10000,0.944952,5.58137,3.83121,74
12000,0.792343,5.43227,3.18745,74
14000,0.601712,5.19233,2.57433,74
14000,0.448981,4.95858,2.18291,74
14000,0.297909,4.68849,1.88691,74
12000,-0.105761,3.66106,1.35469,74
12000,-0.258289,3.6248,1.26623,74
12000,-0.409258,3.42651,1.21291,74
6000,1.1098,5.72202,4.69041,74
10000,0.94781,5.57856,3.84525,74
12000,0.793848,5.40625,3.19338,74
14000,0.602422,5.12166,2.5764,74
14000,0.451407,4.82012,2.18836,74
12000,0.0750613,3.68449,1.51775,74
12000,0.973224,5.59294,3.99781,74
16000,0.812492,5.41861,3.32939,74
18000,0.654676,5.15586,2.80831,74
20000,0.496728,4.94865,2.42473,74
24000,0.327175,4.78089,2.18968,74
24000,0.166128,4.69498,1.97908,74
26000,0.00426549,4.65326,1.90004,74
26000,-0.149458,4.60053,1.82559,74
28000,-0.304755,4.57785,1.85909,74
30000,-0.464972,4.53216,1.93034,74
32000,-0.62113,4.51465,2.03051,74
36000,-0.775493,4.52709,2.22648,74
40000,-0.926979,4.51284,2.4402,74
6000,1.11247,5.80839,4.70674,74
10000,0.95532,5.66017,3.88241,74
12000,0.803135,5.47258,3.23024,74
14000,0.650785,5.22761,2.72254,74
14000,0.499717,4.90004,2.30185,74
14000,0.344928,4.44691,1.97026,74
12000,0.0288314,3.83391,1.46916,74
12000,-0.122813,3.63417,1.3428,74
12000,-0.273648,3.48629,1.25939,74
